"p","e","flux inf","flux hor","flux L inf","flux L hor"
127.02548581914458,0.0009247998800616108,2.528495525513448e-9,-4.4499377654017336e-13,3.620546497972892e-6,-6.371844254595422e-10
127.33744018344146,0.008289023880697022,2.5037170905199746e-9,-4.390871017573948e-13,3.598154769128218e-6,-6.309384618075732e-10
127.95475997577344,0.022836140246613956,2.4548264267608152e-9,-4.2787229119045336e-13,3.5527576411528815e-6,-6.186101642651889e-10
128.86425804533084,0.04420795069377237,2.3831900403096188e-9,-4.1242872934249426e-13,3.48338349914806e-6,-6.005367966953809e-10
130.0461685158365,0.07187821031999073,2.2909080111930123e-9,-3.941074095490559e-13,3.389150067270041e-6,-5.772400551265707e-10
131.47425809485807,0.1051655855009449,2.1807983933776243e-9,-3.742792927813099e-13,3.269793019958091e-6,-5.494247072457777e-10
133.11609693180645,0.14325043058521536,2.0562995734092877e-9,-3.5410370869447123e-13,3.126147959394953e-6,-5.179560631821103e-10
134.93354191801615,0.18519497029047305,1.921291872710668e-9,-3.343746462394215e-13,2.9604743605089885e-6,-4.83815740557012e-10
136.88345806499598,0.22996639084322837,1.7798707960721352e-9,-3.1547838050906883e-13,2.7765511117405906e-6,-4.480441390393723e-10
138.91867310273878,0.2764622712816465,1.6361142593209164e-9,-2.974555435675712e-13,2.5795282581537003e-6,-4.116805830483683e-10
140.98913420214822,0.32353772871835346,1.4938592619986057e-9,-2.801150784777296e-13,2.375563666523333e-6,-3.7570695424594073e-10
143.0432177298913,0.37003360915677164,1.3564654700944484e-9,-2.631215738588194e-13,2.171302671280467e-6,-3.40990193788467e-10
145.02913381899154,0.41480502970952693,1.2265785869804242e-9,-2.460330334517271e-13,1.9732863283295316e-6,-3.082228106999947e-10
146.8963657634833,0.4567495694147846,1.106065596242718e-9,-2.284056114721046e-13,1.7874309429887156e-6,-2.7789661177470457e-10
148.59708748247948,0.4948344144990551,9.963518816980646e-10,-2.1009609807948014e-13,1.6187526277188733e-6,-2.503696895301354e-10
150.08750833289386,0.5281217896800092,8.990682874952958e-10,-1.9162319956567399e-13,1.4714052879307164e-6,-2.2602242818095945e-10
151.32910173368845,0.5557920493062276,8.16494921169758e-10,-1.742281377792411e-13,1.3488850607735922e-6,-2.0538482250459317e-10
152.2896813925709,0.577163859753386,7.513924905239163e-10,-1.595063193827976e-13,1.25415871383934e-6,-1.8911747704465925e-10
152.9442959136042,0.5917109761193029,7.063859895812345e-10,-1.4889494739847645e-13,1.1896127362929686e-6,-1.7786700299436546e-10
153.27591906780825,0.5990752001199384,6.833965420869502e-10,-1.433618736587079e-13,1.1569148270467575e-6,-1.7211744257610558e-10
119.45095194831787,0.0009247998800616108,3.2311504661272894e-9,-6.235887387180592e-13,4.219146187458528e-6,-8.142634315284543e-10
119.74430446367647,0.008289023880697022,3.1994917040501577e-9,-6.153133208571506e-13,4.1930590421746065e-6,-8.062842632991903e-10
120.32481345661652,0.022836140246613956,3.137028525902278e-9,-5.996004444997934e-13,4.14017285003555e-6,-7.905350025904618e-10
121.18007812656212,0.04420795069377237,3.0455119312981556e-9,-5.779613816216387e-13,4.059360557980547e-6,-7.674465668901304e-10
122.29151123708448,0.07187821031999073,2.9276308194189917e-9,-5.52287939534687e-13,3.949600123768299e-6,-7.376854576414889e-10
123.63444378783633,0.1051655855009449,2.7869899845444517e-9,-5.245002884887441e-13,3.810588314634575e-6,-7.021519996862656e-10
125.17837972127913,0.14325043058521536,2.6279837311877566e-9,-4.962226805352813e-13,3.643300407234895e-6,-6.619514895784109e-10
126.88745040356362,0.18519497029047305,2.4555673322031157e-9,-4.685681361966948e-13,3.4503666924969495e-6,-6.1833770658962e-10
128.7210929869721,0.22996639084322837,2.274967562095297e-9,-4.4207887983110745e-13,3.2361836762102557e-6,-5.726393899827058e-10
130.63494808549967,0.2764622712816465,2.091386195184983e-9,-4.168131428435598e-13,3.006742101145613e-6,-5.26183880223054e-10
132.58194752188479,0.32353772871835346,1.9097158549094404e-9,-3.925048237542653e-13,2.7692052235760553e-6,-4.80225224773643e-10
134.51354598173725,0.37003360915677164,1.7342385088189995e-9,-3.6868626243602556e-13,2.531303704903193e-6,-4.3587096736329495e-10
136.38104182954098,0.41480502970952693,1.5683242568851438e-9,-3.4474126942991987e-13,2.3006475339278094e-6,-3.940063187602318e-10
138.13693067215803,0.4567495694147846,1.414351629008368e-9,-3.2005054666726063e-13,2.0841216281617017e-6,-3.5526039217968905e-10
139.73623829946771,0.4948344144990551,1.2741426660074875e-9,-2.9441308060756563e-13,1.8875685810237072e-6,-3.200911847129117e-10
141.13778530586214,0.5281217896800092,1.1497909562184094e-9,-2.6855145781668804e-13,1.7158356285835132e-6,-2.8898441896626687e-10
142.30534245158972,0.5557920493062276,1.0442246809865923e-9,-2.441990883013648e-13,1.5730114420893758e-6,-2.6261656659719676e-10
143.20864271401948,0.577163859753386,9.609854273466125e-10,-2.2358733546239436e-13,1.4625706804201952e-6,-2.4183137894881523e-10
143.82422254976956,0.5917109761193029,9.034372875302982e-10,-2.0872885226090146e-13,1.387309428326595e-6,-2.2745553007679452e-10
144.13607100445032,0.5990752001199384,8.740407524038321e-10,-2.0098053163936223e-13,1.3491812288984483e-6,-2.2010840654835822e-10
106.29706778897602,0.0009247998800616108,5.145130799864129e-9,-1.182703091893458e-12,5.639975485870697e-6,-1.2964501099370663e-9
106.5581164596022,0.008289023880697022,5.094736636024863e-9,-1.1670156232240336e-12,5.605121488407169e-6,-1.283754985223925e-9
107.07470006792168,0.022836140246613956,4.995318457885971e-9,-1.1372265461350858e-12,5.5344704754393575e-6,-1.2586973836072872e-9
107.83578338384248,0.04420795069377237,4.84968106995601e-9,-1.0961965047527537e-12,5.426531086991693e-6,-1.2219628905090912e-9
108.82482598890455,0.07187821031999073,4.662123349378829e-9,-1.047507533410508e-12,5.279953780509227e-6,-1.174611816823031e-9
110.01987542178856,0.1051655855009449,4.438397441894187e-9,-9.947970419768169e-13,5.094346445525612e-6,-1.1180763348211996e-9
111.39379383685495,0.14325043058521536,4.1855022041567666e-9,-9.411440379768485e-13,4.871017215259012e-6,-1.0541145156946867e-9
112.91466243779794,0.18519497029047305,3.911317194522977e-9,-8.886609609892905e-13,4.613474774123164e-6,-9.847203570940478e-10
114.54638513912607,0.22996639084322837,3.62414242164293e-9,-8.383802096755901e-13,4.327576272526837e-6,-9.120070013936978e-10
116.24948739011928,0.2764622712816465,3.3322298564758143e-9,-7.904176853397362e-13,4.02130017416426e-6,-8.380852076021014e-10
117.98208413965436,0.32353772871835346,3.0433346685138443e-9,-7.442757076594e-13,3.7041866208577663e-6,-7.64949606103173e-10
119.70097586114399,0.37003360915677164,2.7642375286286995e-9,-6.990771816812683e-13,3.3865326432593632e-6,-6.943627623695949e-10
121.36282392088579,0.41480502970952693,2.5002684559322676e-9,-6.53666715075332e-13,3.078475798969135e-6,-6.277351810512943e-10
122.92535508777283,0.4567495694147846,2.2551905218943637e-9,-6.068809735763725e-13,2.789192898680994e-6,-5.660708622338443e-10
124.34854769111948,0.4948344144990551,2.031906936422102e-9,-5.583377132130412e-13,2.526486103782539e-6,-5.101004124428512e-10
125.59575698261682,0.5281217896800092,1.8337831899268578e-9,-5.093901675816246e-13,2.2968532365560608e-6,-4.605959024811882e-10
126.63474326981364,0.5557920493062276,1.6655302062964078e-9,-4.633015252103505e-13,2.1058002717766158e-6,-4.186314656807611e-10
127.43857252075875,0.577163859753386,1.5328330942626196e-9,-4.242856588504717e-13,1.958020340839367e-6,-3.855487086864537e-10
127.9863649867289,0.5917109761193029,1.4410808675207942e-9,-3.9615359271443554e-13,1.8572929389921284e-6,-3.6266471237554356e-10
128.26387283230414,0.5990752001199384,1.3942096863385305e-9,-3.814807833495682e-13,1.8062574298746693e-6,-3.5096820971535083e-10
90.48147057919648,0.0009247998800616108,9.778225198287025e-9,-2.860394368013049e-12,8.418320412266634e-6,-2.462581527967592e-9
90.70367866171756,0.008289023880697022,9.682504008739705e-9,-2.822486444532802e-12,8.366338287262749e-6,-2.4384974197433605e-9
91.1434014643319,0.022836140246613956,9.49369585217862e-9,-2.7504911755509582e-12,8.26098725879326e-6,-2.390959629797003e-9
91.79124565317177,0.04420795069377237,9.217181804592245e-9,-2.6513024561814173e-12,8.100077110719921e-6,-2.3212675519392574e-9
92.63313180518824,0.07187821031999073,8.861185380543716e-9,-2.533557507051679e-12,7.881633672638755e-6,-2.2314311510730546e-9
93.65037369484075,0.1051655855009449,8.436675585777414e-9,-2.406034134679548e-12,7.605103151621055e-6,-2.124165465063066e-9
94.81987122884459,0.14325043058521536,7.956959714420597e-9,-2.276171948058991e-12,7.272449595412023e-6,-2.002803699590824e-9
96.11445470544844,0.18519497029047305,7.436979337789855e-9,-2.1490862992185708e-12,6.888892765220452e-6,-1.871126573660456e-9
97.50339865907404,0.22996639084322837,6.8924393551807364e-9,-2.027291112662056e-12,6.463128705491152e-6,-1.7331407884246737e-9
98.95310182983813,0.2764622712816465,6.338927410602506e-9,-1.9110907044628374e-12,6.00699584350882e-6,-1.5928490627225745e-9
100.42791110801963,0.32353772871835346,5.791073178842443e-9,-1.7993114748823535e-12,5.534650260652e-6,-1.4540351205163977e-9
101.89105448498978,0.37003360915677164,5.26164710552521e-9,-1.6898737175886094e-12,5.061373253935994e-6,-1.3200457518794541e-9
103.30564154230292,0.41480502970952693,4.760666808251606e-9,-1.5800383518069416e-12,4.6022123705377045e-6,-1.1935648385581725e-9
104.63568874629955,0.4567495694147846,4.295208585048931e-9,-1.4670391598310314e-12,4.170800839322718e-6,-1.0765077414531608e-9
105.84712912134248,0.4948344144990551,3.870795528208748e-9,-1.3499498471510274e-12,3.778765221552419e-6,-9.702671232926973e-10
106.90877017280354,0.5281217896800092,3.4939213056741404e-9,-1.231975163590254e-12,3.4358480453097577e-6,-8.763054299786501e-10
107.79316904788651,0.5557920493062276,3.1736868258602503e-9,-1.1209077609990265e-12,3.150364165349148e-6,-7.966528548931307e-10
108.47739914221495,0.577163859753386,2.921036162390446e-9,-1.026862720087626e-12,2.929433673039841e-6,-7.338506626519481e-10
108.94368733740376,0.5917109761193029,2.7463095862483763e-9,-9.59028232403506e-13,2.7787971561327384e-6,-6.904017588506578e-10
109.1799056874222,0.5990752001199384,2.657043324274548e-9,-9.23637845521404e-13,2.7024603623010147e-6,-6.681909797707629e-10
74.6050069738966,0.0009247998800616108,2.108946595305235e-8,-8.227175549436612e-12,0.00001359520654820682,-5.303594224090763e-9
74.78822499013816,0.008289023880697022,2.0883170780211796e-8,-8.1182935913251e-12,0.000013511349019062015,-5.251828494315024e-9
75.15079118789807,0.022836140246613956,2.0476358089118367e-8,-7.911447603960785e-12,0.000013341442810942643,-5.149647277839276e-9
75.68496044837768,0.04420795069377237,1.988079406751473e-8,-7.626348302960713e-12,0.000013082033989432106,-4.999834812017039e-9
76.37912381509086,0.07187821031999073,1.9114385650334313e-8,-7.287713413168599e-12,0.000012730028096045598,-4.806700754507299e-9
77.21787386839864,0.1051655855009449,1.8200910973288134e-8,-6.920697014444342e-12,0.000012284605394857144,-4.576070281979227e-9
78.18216380667879,0.14325043058521536,1.7169091700552644e-8,-6.546662348664437e-12,0.000011748965015155567,-4.315099075808613e-9
79.24959129964581,0.18519497029047305,1.6051051702930702e-8,-6.180351403497679e-12,0.000011131498405519095,-4.0319073458633e-9
80.39482217048904,0.22996639084322837,1.48804476276619e-8,-5.829075620727652e-12,0.00001044614317225112,-3.735104066149279e-9
81.5901510535477,0.2764622712816465,1.369060210400381e-8,-5.493824205474634e-12,9.711857126921499e-6,-3.4332931603191973e-9
82.80618076415671,0.32353772871835346,1.251272476870465e-8,-5.171363504166522e-12,8.951307923942036e-6,-3.134613273002134e-9
84.01259154797708,0.37003360915677164,1.1373990734254343e-8,-4.855903881029606e-12,8.188968646975949e-6,-2.8462746271940455e-9
85.17896601780467,0.41480502970952693,1.0295649334448855e-8,-4.539817800093762e-12,7.448943276501797e-6,-2.574077213686218e-9
86.27563454335574,0.4567495694147846,9.292723148353867e-9,-4.215367569072873e-12,6.753097804169713e-6,-2.322176790987379e-9
87.27450776071167,0.4948344144990551,8.377142025655501e-9,-3.879893716876369e-12,6.120163917223822e-6,-2.093590827572251e-9
88.14986641194736,0.5281217896800092,7.56322014396985e-9,-3.5423237166449987e-12,5.565978396762103e-6,-1.8914555089796194e-9
88.87908294458008,0.5557920493062276,6.8710528315919535e-9,-3.2246308186107946e-12,5.104195222545616e-6,-1.720107024354298e-9
89.44325360441084,0.577163859753386,6.324683864808225e-9,-2.9555569087155685e-12,4.7465808096911515e-6,-1.5849893232882853e-9
89.82772385927322,0.5917109761193029,5.946724667927032e-9,-2.761381141580948e-12,4.502635830004752e-6,-1.4914898519902461e-9
90.02249381092939,0.5990752001199384,5.753603727974481e-9,-2.6600361137429724e-12,4.378982184618507e-6,-1.4436847228189185e-9
60.3115672678339,0.0009247998800616108,4.9177798489767904e-8,-2.6308099383726284e-11,0.000023046318203000654,-1.2328812752693642e-8
60.45968287239513,0.008289023880697022,4.869720841648222e-8,-2.5960666529711604e-11,0.00002290436058138195,-1.2208847299170146e-8
60.75278566150002,0.022836140246613956,4.774981376868685e-8,-2.530035248650261e-11,0.00002261684242736954,-1.1972019019259427e-8
61.184614389792976,0.04420795069377237,4.6363577949734e-8,-2.4389588542968932e-11,0.00002217810234600114,-1.1624733902987845e-8
61.745784239975244,0.07187821031999073,4.4580814373479075e-8,-2.3306778044568746e-11,0.000021583111229339158,-1.1176924293028514e-8
62.423839672349516,0.1051655855009449,4.2457368920620787e-8,-2.213188098313895e-11,0.000020830653999299505,-1.0642039144704276e-8
63.203383027913134,0.14325043058521536,4.006029396832705e-8,-2.093302669301213e-11,0.00001992622018692094,-1.0036624834387932e-8
64.06630399872869,0.18519497029047305,3.746418189637897e-8,-1.9757495634662593e-11,0.000018883952429283073,-9.379483658848474e-9
64.99212213755989,0.22996639084322837,3.474682958276804e-8,-1.862907162798227e-11,0.000017727238274846554,-8.690571665309095e-9
65.95844010014652,0.2764622712816465,3.198498913431794e-8,-1.7551492406326024e-11,0.000016487848603256316,-7.98985301595874e-9
66.9414928557979,0.32353772871835346,2.9250327980304045e-8,-1.6515128747880636e-11,0.000015203765021520589,-7.296235674035208e-9
67.91676955762142,0.37003360915677164,2.6605015795071387e-8,-1.5502405640660632e-11,0.000013915998018644139,-6.626509806592699e-9
68.85968043116512,0.41480502970952693,2.4097434284407508e-8,-1.4490145158245136e-11,0.000012664946367601425,-5.994243336249464e-9
69.74624019748794,0.4567495694147846,2.1761829977445252e-8,-1.3454678358455499e-11,0.000011487321878223587,-5.409213517157084e-9
70.55374108361048,0.4948344144990551,1.9626083387803248e-8,-1.2387597041944898e-11,0.00001041477502096938,-4.878504817303639e-9
71.26139133818326,0.5281217896800092,1.7724580562056107e-8,-1.1316147652192019e-11,9.474395372001683e-6,-4.409362702815184e-9
71.85089858098912,0.5557920493062276,1.6105695422258276e-8,-1.0308525875825638e-11,8.689855813653342e-6,-4.011733645701894e-9
72.30698079424897,0.577163859753386,1.482691624129315e-8,-9.454914739437056e-12,8.0817222753074e-6,-3.6981524762532904e-9
72.61779108137524,0.5917109761193029,1.3941967097918373e-8,-8.83854318570337e-12,7.666628589229298e-6,-3.481107683421733e-9
72.77524540672869,0.5990752001199384,1.3489716947138084e-8,-8.516675953049809e-12,7.456149289328073e-6,-3.3701104607615294e-9
48.29622260849272,0.0009247998800616108,1.1899582340394593e-7,-8.829739051011642e-11,0.00003996912428683019,-2.965788092766698e-8
48.41483044002051,0.008289023880697022,1.1783430644761532e-7,-8.713502299013464e-11,0.00003972333555733921,-2.9370623729261077e-8
48.649540930744735,0.022836140246613956,1.1554566689498508e-7,-8.492439836140909e-11,0.00003922576854905627,-2.8803412252037097e-8
48.99534020831552,0.04420795069377237,1.1219926509446815e-7,-8.187197731046511e-11,0.00003846703781698039,-2.797136631067056e-8
49.44471311028671,0.07187821031999073,1.0789933696154887e-7,-7.82376197095916e-11,0.00003743892389841863,-2.689801232527798e-8
49.98768550490911,0.1051655855009449,1.0278232718806513e-7,-7.428722479928312e-11,0.000036139719236191953,-2.561532479427847e-8
50.61192727375718,0.14325043058521536,9.701077521961054e-8,-7.024846980710701e-11,0.00003457910633222716,-2.4162773152806864e-8
51.30293606672999,0.18519497029047305,9.076418305952005e-8,-6.62807188492054e-11,0.0000327814360161439,-2.2585339552283602e-8
52.04431157649591,0.22996639084322837,8.422861827934936e-8,-6.246583306853811e-11,0.000030786741870925626,-2.0930877067865512e-8
52.8181184852837,0.2764622712816465,7.758674084182884e-8,-5.88192838436151e-11,0.000028649304958571436,-1.9247355210348715e-8
53.605326261065585,0.32353772871835346,7.100836938300109e-8,-5.531235183499451e-11,0.000026433993781812964,-1.758030041350491e-8
54.38630713803356,0.37003360915677164,6.464000042276769e-8,-5.189071336623807e-11,0.000024210841096788958,-1.5970278987927216e-8
55.14137014686573,0.41480502970952693,5.859484372977605e-8,-4.848253314341531e-11,0.00002204883842911382,-1.445028134231748e-8
55.851308385411485,0.4567495694147846,5.295319134511655e-8,-4.501375826176656e-11,0.000020010830561944104,-1.3044271907182583e-8
56.4979379511719,0.4948344144990551,4.7782731482050694e-8,-4.145702482121654e-11,0.00001815147644827594,-1.1769564016193037e-8
57.064609251090694,0.5281217896800092,4.3169987450059046e-8,-3.789790574049654e-11,0.0000165183311520567,-1.0643439463502556e-8
57.53667413545088,0.5557920493062276,3.9236950230713994e-8,-3.455542118366174e-11,0.000015153669515909984,-9.689335123561547e-9
57.90189508886357,0.577163859753386,3.612732923040001e-8,-3.172362888816232e-11,0.000014094575722780318,-8.936918225553093e-9
58.1507853680599,0.5917109761193029,3.3974332069614895e-8,-2.9677467442704633e-11,0.000013371094353365071,-8.416019355692198e-9
58.27687144893009,0.5990752001199384,3.287380212812822e-8,-2.8608271903448464e-11,0.000013004083458376116,-8.149564028843581e-9
38.615777477684965,0.0009247998800616108,2.8941223471994243e-7,-2.972861442972804e-10,0.0000695210113058057,-7.141233392916398e-8
38.71061167758744,0.008289023880697022,2.865912380754582e-7,-2.9339088565217046e-10,0.00006909431543618822,-7.07253226862917e-8
38.89827703922362,0.022836140246613956,2.8103615612039563e-7,-2.859752826802887e-10,0.000068231066748621,-6.936822279688301e-8
39.174764665654884,0.04420795069377237,2.7292118414862865e-7,-2.757190481398058e-10,0.00006691591904083541,-6.737625397194718e-8
39.534065725857666,0.07187821031999073,2.62505732735953e-7,-2.634806155084305e-10,0.00006513568472395152,-6.48045945640459e-8
39.96820529278059,0.1051655855009449,2.501259478162622e-7,-2.5014274453511385e-10,0.00006288829994542258,-6.172875989055606e-8
40.46732468423947,0.14325043058521536,2.361781834108669e-7,-2.3646688402488805e-10,0.00006019098417791026,-5.8242559098031784e-8
41.01982838625507,0.18519497029047305,2.2109603481091983e-7,-2.2299269532179803e-10,0.000057085737790989665,-5.445347645308245e-8
41.61260335221052,0.22996639084322837,2.0532525457821504e-7,-2.1000575477613723e-10,0.0000536410567337104,-5.0476364393457715e-8
42.231309200961306,0.2764622712816465,1.893005021110769e-7,-1.9757257983091607e-10,0.000049949576110675264,-4.642676337252338e-8
42.86072986072428,0.32353772871835346,1.7342336093512603e-7,-1.8561418880633218e-10,0.00004612191249018787,-4.2414702038482617e-8
43.48517173485998,0.37003360915677164,1.5803742477127597e-7,-1.7397028380171582e-10,0.00004227742827593819,-3.853870239979449e-8
44.08889069166236,0.41480502970952693,1.4340550818391435e-7,-1.6242763907589753e-10,0.00003853368688009183,-3.4879581951533884e-8
44.656529640671216,0.4567495694147846,1.2971460397589753e-7,-1.5076346054417414e-10,0.00003499812269613465,-3.14966924081202e-8
45.17354944208122,0.4948344144990551,1.1713021864422392e-7,-1.3889171549150934e-10,0.00003176531003048021,-2.843274603365461e-8
45.62663773012482,0.5281217896800092,1.0587359048604988e-7,-1.270749176848716e-10,0.00002891930652156517,-2.5728900579784473e-8
46.00408241513164,0.5557920493062276,9.625724254866597e-8,-1.160044954965119e-10,0.00002653640996567282,-2.343983817747922e-8
46.29609885669683,0.577163859753386,8.864529307000453e-8,-1.0662831974678529e-10,0.000024684287625392558,-2.1635111487769445e-8
46.495101824604184,0.5917109761193029,8.337180247502044e-8,-9.984868007531278e-11,0.00002341783555401031,-2.038552488082933e-8
46.595915341250944,0.5990752001199384,8.067544644236575e-8,-9.630333504368436e-11,0.00002277504381782031,-1.97461674671183e-8
31.007802323562505,0.0009247998800616108,6.913269723884841e-7,-9.708741105780796e-10,0.00011954134185682144,-1.6787922349731208e-7
31.083952548060466,0.008289023880697022,6.845991149203143e-7,-9.58238652614151e-10,0.00011880919221519312,-1.6627986585125481e-7
31.234644592004358,0.022836140246613956,6.713610598093205e-7,-9.341481596660587e-10,0.00011732915391684874,-1.6311840325655717e-7
31.456659380396115,0.04420795069377237,6.52045855119552e-7,-9.007493756267658e-10,0.00011507694495021688,-1.5847313074511467e-7
31.74517192571137,0.07187821031999073,6.272913547117625e-7,-8.607674413603112e-10,0.00011203227970655569,-1.5246825330852956e-7
32.093778499274784,0.1051655855009449,5.979138658550266e-7,-8.170255176391234e-10,0.00010819357187586436,-1.4527589475192996e-7
32.49456274957655,0.14325043058521536,5.648637461293155e-7,-7.719850115879242e-10,0.00010359129532109685,-1.3711226908085783e-7
32.93821367917486,0.18519497029047305,5.291681075700539e-7,-7.274215948950527e-10,0.00009829697747001019,-1.282274319154256e-7
33.41420173813145,0.22996639084322837,4.918715354548262e-7,-6.843134808229966e-10,0.00009242605045210019,-1.1889059659110305e-7
33.91101184808153,0.2764622712816465,4.5398339063231566e-7,-6.42944903109549e-10,0.00008613406119735374,-1.0937420315997173e-7
34.41642576620281,0.32353772871835346,4.164279087516301e-7,-6.031402554623113e-10,0.00007960648825067281,-9.993905692615671e-8
34.91784180546148,0.37003360915677164,3.79986286621322e-7,-5.644800526268078e-10,0.00007304323307453336,-9.082028741010719e-8
35.40261770003807,0.41480502970952693,3.4524702906578e-7,-5.263992197142527e-10,0.00006664104473596577,-8.221299400099188e-8
35.85842197154841,0.4567495694147846,3.1263125856585726e-7,-4.88295088736827e-10,0.00006058053096356936,-7.426255056351416e-8
36.27357994185609,0.4948344144990551,2.8253787881234654e-7,-4.4992453836549565e-10,0.00005502332863700508,-6.707309633854287e-8
36.637402011187625,0.5281217896800092,2.5552948442173537e-7,-4.120404212295452e-10,0.00005011705741908789,-6.074008689850478e-8
36.94048357383476,0.5557920493062276,2.3240151966477189e-7,-3.7669716495186407e-10,0.00004599902344637644,-5.538610914463573e-8
37.17496773255761,0.577163859753386,2.140681676483599e-7,-3.467936746256956e-10,0.00004279241400134255,-5.1167772757799435e-8
37.334763678508445,0.5917109761193029,2.0135765742998412e-7,-3.2515904371594125e-10,0.000040597222940473284,-4.82471711559458e-8
37.41571519107431,0.5990752001199384,1.9485660854604523e-7,-3.138357762545141e-10,0.00003948235334244036,-4.675254883591859e-8
25.10542069785514,0.0009247998800616108,1.596368417428011e-6,-3.0021875863505236e-9,0.00020120855091742973,-3.78399534956468e-7
25.16707561303772,0.008289023880697022,1.5808601837207537e-6,-2.963489837528567e-9,0.00019997898165231482,-3.7484448800244683e-7
25.289083200662084,0.022836140246613956,1.5503756514695255e-6,-2.8895506584167497e-9,0.0001974958536970508,-3.678093988135249e-7
25.468837141478616,0.04420795069377237,1.5059640545442203e-6,-2.7866860577828067e-9,0.00019372262850212357,-3.5745488576801637e-7
25.70243089156662,0.07187821031999073,1.4491515028848672e-6,-2.6629766514557854e-9,0.00018863011547461806,-3.440417025163828e-7
25.98467968159766,0.1051655855009449,1.3818624571625282e-6,-2.5268862685094138e-9,0.00018221975689449306,-3.2793933643285865e-7
26.30917404943148,0.14325043058521536,1.3063027227963118e-6,-2.385909116618734e-9,0.00017454471395979634,-3.096208679190312e-7
26.668375359938295,0.18519497029047305,1.2248204653971927e-6,-2.245586609700982e-9,0.00016572411211653862,-2.8964201868625684e-7
27.05375837878514,0.22996639084322837,1.1397708918282217e-6,-2.109135736355524e-9,0.00015594760794843108,-2.686084479990051e-7
27.455999940024924,0.2764622712816465,1.0534019501161759e-6,-1.9777228352276715e-9,0.00014546946562397,-2.471388620401813e-7
27.865207561660988,0.32353772871835346,9.677458096679752e-7,-1.8511603523952555e-9,0.00013459216234028992,-2.2583021560080104e-7
28.271178306665234,0.37003360915677164,8.844886383977436e-7,-1.7285984858727518e-9,0.00012364088053453317,-2.0522572818136577e-7
28.66367638345658,0.41480502970952693,8.048720445960796e-7,-1.608855459090444e-9,0.00011293521678798215,-1.8578293507163264e-7
29.032717629035304,0.4567495694147846,7.297942744174829e-7,-1.4906219156273595e-9,0.00010277047809751968,-1.6784922389476685e-7
29.368849657738345,0.4948344144990551,6.601905326547883e-7,-1.3733552806105968e-9,0.00009341699240180124,-1.5167225663303297e-7
29.663417651123407,0.5281217896800092,5.974634184516127e-7,-1.258993568453509e-9,0.00008513017816881138,-1.3746385751078496e-7
29.908807184268028,0.5557920493062276,5.435935061643609e-7,-1.1530471937119692e-9,0.00007815418911296719,-1.2548108040455536e-7
30.098656932092506,0.577163859753386,5.008195939832005e-7,-1.0636210198494743e-9,0.00007271054756678899,-1.1605306854379921e-7
30.228035480338054,0.5917109761193029,4.711395819211045e-7,-9.989120613672097e-10,0.00006897892074845791,-1.09528364276427e-7
30.29357775121191,0.5990752001199384,4.559536789881949e-7,-9.650154931414616e-10,0.00006708241102818269,-1.0618920808456822e-7
20.549240927113026,0.0009247998800616108,3.526702557640845e-6,-8.64193340832064e-9,0.00032940202930874105,-8.071753508549615e-7
20.599706590352667,0.008289023880697022,3.492505921456931e-6,-8.532050357620193e-9,0.00032739364020980795,-7.997409051174958e-7
20.699572007594735,0.022836140246613956,3.4253681538295598e-6,-8.32144383970416e-9,0.0003233425362456267,-7.850024428896981e-7
20.84670385939248,0.04420795069377237,3.327742307128268e-6,-8.026981909151679e-9,0.00031719747487355353,-7.63250564047024e-7
21.03790456888851,0.07187821031999073,3.2031460564878483e-6,-7.670511896257002e-9,0.0003089204912445389,-7.349791067911548e-7
21.26893030860972,0.1051655855009449,3.0559402859454795e-6,-7.275302856317464e-9,0.00029852216330175196,-7.009172215389239e-7
21.534534817865282,0.14325043058521536,2.8910317017490486e-6,-6.8624268295670615e-9,0.0002860934218686602,-6.62029965061789e-7
21.82854758744894,0.18519497029047305,2.7135471413440006e-6,-6.448002743843807e-9,0.0002718270743995803,-6.194803822090465e-7
22.143990558861827,0.22996639084322837,2.528538956382758e-6,-6.042027776735804e-9,0.00025602485056947427,-5.745608092899105e-7
22.47323255214659,0.2764622712816465,2.3407505342591404e-6,-5.648988219437937e-9,0.0002390884587990561,-5.286105760729582e-7
22.808176391862002,0.32353772871835346,2.1543899137223453e-6,-5.26975768475998e-9,0.00022149381645266786,-4.829367950575707e-7
23.140470789508345,0.37003360915677164,1.972850392114368e-6,-4.903677473621064e-9,0.00020375026392291696,-4.387440132835191e-7
23.46173756454004,0.41480502970952693,1.7985441190637156e-6,-4.549623199645077e-9,0.000186357164235088,-3.970664937324669e-7
23.763804498956596,0.4567495694147846,1.6332549852859894e-6,-4.206131113638901e-9,0.0001697805279062642,-3.587085210883945e-7
24.03893464412593,0.4948344144990551,1.479103090410481e-6,-3.872681187339686e-9,0.00015446048414404734,-3.2424102083512826e-7
24.28004387461188,0.5281217896800092,1.3394859724408256e-6,-3.5535422960868476e-9,0.00014083046582086275,-2.9410843344783946e-7
24.480899645892038,0.5557920493062276,1.2191777228052816e-6,-3.2613433231248312e-9,0.00012931695886354933,-2.6880001144426085e-7
24.636295098330333,0.577163859753386,1.1234692934242068e-6,-3.015917956130753e-9,0.0001203107213575698,-2.489398631431505e-7
24.742193780160626,0.5917109761193029,1.0569989469355174e-6,-2.8384650626007675e-9,0.00011412777803059679,-2.35211505756023e-7
24.79584131434483,0.5990752001199384,1.0229765761590405e-6,-2.745447837135322e-9,0.00011098305594033256,-2.2818770996269713e-7
17.03208012332078,0.0009247998800616108,7.406891039881124e-6,-2.2877810905184956e-8,0.0005224913886473694,-1.6138281438894693e-6
17.073908199736007,0.008289023880697022,7.335208194860654e-6,-2.2592521991956068e-8,0.0005193125827370755,-1.599380860786963e-6
17.156680881902165,0.022836140246613956,7.1946858226671955e-6,-2.2043223022139257e-8,0.0005129099143545559,-1.5706557456173828e-6
17.278629984421343,0.04420795069377237,6.990822929402774e-6,-2.126963291362674e-8,0.0005032183740174481,-1.528074029510656e-6
17.437105220335066,0.07187821031999073,6.7313839906461635e-6,-2.032426984803413e-8,0.0004901964444222501,-1.4724334746474012e-6
17.628589125917646,0.1051655855009449,6.42581065923971e-6,-1.926458258452353e-8,0.0004738765948361761,-1.4050154352641098e-6
17.84873337838915,0.14325043058521536,6.084500229353402e-6,-1.814437855790948e-8,0.0004544107879213521,-1.3276215882657828e-6
18.092423598703864,0.18519497029047305,5.7180742996331186e-6,-1.7006796962045257e-8,0.0004321012570927723,-1.2425182020319405e-6
18.35387607680265,0.22996639084322837,5.336768858210442e-6,-1.5880867486831547e-8,0.0004074107366226844,-1.1523008821721635e-6
18.62676576793421,0.2764622712816465,4.949982600896967e-6,-1.478251560980844e-8,0.00038094947231667763,-1.0597181849664113e-6
18.904381390578383,0.32353772871835346,4.565820599985757e-6,-1.3719223252960406e-8,0.0003534354615497982,-9.674967348978419e-7
19.179801043563018,0.37003360915677164,4.190524898897483e-6,-1.269587442736319e-8,0.0003256311172158828,-8.781920023897053e-7
19.446080536450808,0.41480502970952693,3.8282865373795665e-6,-1.1718067157501084e-8,0.0002982812205313837,-7.940528064539575e-7
19.696446389274136,0.4567495694147846,3.4823555770186784e-6,-1.0790912313151198e-8,0.00027209199098191515,-7.168809491286421e-7
19.924485891730022,0.4948344144990551,3.1573798267688564e-6,-9.917751969464946e-9,0.0002477598923160749,-6.47952166597781e-7
20.12432742099501,0.5281217896800092,2.8613116329508587e-6,-9.105994514389401e-9,0.00022600500733954056,-5.881419963121906e-7
20.290805180529247,0.5557920493062276,2.605214226798422e-6,-8.377564756169614e-9,0.00020755655188897676,-5.382557560307825e-7
20.419603504813654,0.577163859753386,2.401066138052451e-6,-7.771720504672279e-9,0.00019308725573369216,-4.992988878508654e-7
20.507376811880576,0.5917109761193029,2.2591541747683464e-6,-7.334916280690557e-9,0.0001831382291251015,-4.7243797503930484e-7
20.551842157529343,0.5990752001199384,2.1864930824500187e-6,-7.105934380776894e-9,0.00017807409186383272,-4.58708053908459e-7
14.3085643341147,0.0009247998800616108,0.000014736616006908417,-5.518955307810458e-8,0.0008012960096581672,-3.0009023293393996e-6
14.343703889472946,0.008289023880697022,0.000014594265554221412,-5.4520493071986514e-8,0.000796430164268387,-2.975134680427253e-6
14.413240800954478,0.022836140246613956,0.000014315718643246271,-5.32233626968761e-8,0.0007866464902169898,-2.92364871752233e-6
14.515689624953023,0.04420795069377237,0.000013912752917034412,-5.1376800646188525e-8,0.0007718750427239583,-2.8467655590814173e-6
14.648823868804467,0.07187821031999073,0.000013401721812571945,-4.90889826833408e-8,0.0007520862023231605,-2.7454260231272943e-6
14.809688529030225,0.1051655855009449,0.00001280209508625088,-4.648394040976627e-8,0.0007273585803375661,-2.6215162094065674e-6
14.994630601664154,0.14325043058521536,0.000012134791718555872,-4.368426542916821e-8,0.000697939850761043,-2.4780377260085793e-6
15.199353522747256,0.18519497029047305,0.000011420611820607554,-4.0795031690148267e-8,0.0006642878258495482,-2.3190588234688956e-6
15.418998426722776,0.22996639084322837,0.000010679048742660653,-3.789437768226672e-8,0.0006270848076311105,-2.1494662381775263e-6
15.648251675498084,0.2764622712816465,9.927457594165422e-6,-3.503400854093111e-8,0.0005872184253680742,-1.9746005715179693e-6
15.881475155425267,0.32353772871835346,9.180160128090378e-6,-3.224938264897325e-8,0.000545721342156174,-1.7998820815355967e-6
16.112853812352455,0.37003360915677164,8.447348287150145e-6,-2.9575113615575214e-8,0.0005036756370104084,-1.630505817556421e-6
16.336553867028897,0.41480502970952693,7.735196446593772e-6,-2.7054898133461483e-8,0.00046213350296082174,-1.4711869878444204e-6
16.54688495320568,0.4567495694147846,7.049064562014441e-6,-2.473391618332831e-8,0.0004221200961656457,-1.3258447300095093e-6
16.738459785403766,0.4948344144990551,6.398852685823311e-6,-2.263980931670646e-8,0.0003847083272327067,-1.1972572215692416e-6
16.906345642997913,0.5281217896800092,5.802484367838418e-6,-2.0780537876824824e-8,0.00035106959888692147,-1.0870422596223128e-6
17.046202766452456,0.5557920493062276,5.284485414000293e-6,-1.9170929246209695e-8,0.00032242130956118434,-9.962138217674495e-7
17.154405587000852,0.577163859753386,4.87070530991723e-6,-1.7858825316939815e-8,0.00029988956587735194,-9.259228197733929e-7
17.22814349815977,0.5917109761193029,4.582829597742121e-6,-1.6920032764862065e-8,0.0002843724468206492,-8.77709434376883e-7
17.265498610057286,0.5990752001199384,4.435394650497259e-6,-1.642864239549937e-8,0.00027646817195378805,-8.531214732329135e-7
12.189668266077254,0.0009247998800616108,0.000027729562134090878,-1.2034749413829272e-7,0.001187064329520946,-5.1519097444847175e-6
12.219604150127704,0.008289023880697022,0.000027462169514531703,-1.1894916559126357e-7,0.0011798662284206185,-5.110402864074888e-6
12.278843628206335,0.022836140246613956,0.00002694009196952594,-1.1620837170723884e-7,0.001165423281924951,-5.026741594761985e-6
12.366121229902163,0.04420795069377237,0.00002618737869422292,-1.122409999284829e-7,0.0011436840110891685,-4.900211852478008e-6
12.479540174634085,0.07187821031999073,0.00002523685350343336,-1.0722303591247833e-7,0.0011146647091635473,-4.730959188975905e-6
12.616583053157688,0.1051655855009449,0.00002412669760244407,-1.0137757376445239e-7,0.0010785324598246479,-4.5208990688714756e-6
12.774137819744118,0.14325043058521536,0.00002289681140173034,-9.49475878325631e-8,0.0010356803259188587,-4.274284224145757e-6
12.948544170807272,0.18519497029047305,0.000021585624642635502,-8.81634405633745e-8,0.000986778103109498,-3.99776097331478e-6
13.135662770079492,0.22996639084322837,0.00002022789899855404,-8.121895526450437e-8,0.0009327905325555931,-3.6999428711516465e-6
13.330966854139746,0.2764622712816465,0.000018853267651792108,-7.426699921331071e-8,0.0008749490463069244,-3.3906809843999724e-6
13.529653234253672,0.32353772871835346,0.000017484458059271283,-6.743904035720592e-8,0.0008146592096382647,-3.080286665753799e-6
13.726767983569815,0.37003360915677164,0.000016135341183601544,-6.088352860312512e-8,0.0007533614055272481,-2.7789319965498275e-6
13.917341223060223,0.41480502970952693,0.000014812569809582153,-5.479490655380544e-8,0.0006924512524310923,-2.4962061892737892e-6
14.096525249260944,0.4567495694147846,0.000013524078378041322,-4.938401335910793e-8,0.0006333550843835497,-2.240436355180636e-6
14.259730557501156,0.4948344144990551,0.000012290498196813303,-4.478588837350716e-8,0.0005776894955365024,-2.0175743365063517e-6
14.402754893336114,0.5281217896800092,0.00001115062092750429,-4.099831185965332e-8,0.0005273222201372458,-1.8304543054668285e-6
14.521901154257208,0.5557920493062276,0.00001015626161746412,-3.793668264942499e-8,0.00048423339829919645,-1.6795295454591695e-6
14.614080666970036,0.577163859753386,9.36040034675094e-6,-3.555032347900526e-8,0.0004502500757706982,-1.5647426746933545e-6
14.676899036072077,0.5917109761193029,8.806338092901005e-6,-3.387767630730288e-8,0.00042681193781240074,-1.4868644487737499e-6
14.708722384064247,0.5990752001199384,8.522541599428316e-6,-3.300762964358838e-8,0.00041486490736335197,-1.4473569004642455e-6
10.532561030495044,0.0009247998800616108,0.00004932885763733736,-2.351073029850222e-7,0.0016985036665697925,-8.095277760397503e-6
10.558427323070097,0.008289023880697022,0.00004885388650429842,-2.325545398315045e-7,0.0016882123146021624,-8.036533831171022e-6
10.609613573971954,0.022836140246613956,0.00004792896409780329,-2.274566207360652e-7,0.001667614534323021,-7.916112162689896e-6
10.685026345377288,0.04420795069377237,0.00004660090932805145,-2.1987184724953966e-7,0.001636725977733504,-7.729599000616146e-6
10.783026711862059,0.07187821031999073,0.00004493246260288867,-2.0996308677867618e-7,0.0015956718428130137,-7.473439565163735e-6
10.901439489825956,0.1051655855009449,0.00004299482165804541,-1.9802246574195487e-7,0.0015447771381560344,-7.14729352042927e-6
11.037575696201241,0.14325043058521536,0.000040860108362554375,-1.8444844044565336e-7,0.0014846487572701453,-6.755627888047062e-6
11.188272622202966,0.18519497029047305,0.000038595231678125434,-1.69689140421564e-7,0.0014162323393685063,-6.308142440586535e-6
11.349953647785924,0.22996639084322837,0.000036258031645880236,-1.5418586299716703e-7,0.0013408325685857264,-5.819075807608504e-6
11.518707393988693,0.2764622712816465,0.00003389474144083837,-1.3834961379681733e-7,0.0012600692682705928,-5.305781648033038e-6
11.690383634785318,0.32353772871835346,0.0000315363507818813,-1.2259328102503952e-7,0.0011757315159106605,-4.787161687680738e-6
11.860701897913174,0.37003360915677164,0.000029195585952532576,-1.0742254641728128e-7,0.001089585324063981,-4.282528729210053e-6
12.025367927529237,0.41480502970952693,0.000026873790848440644,-9.351873905551712e-8,0.0010033482101978975,-3.810907967065315e-6
12.180193034370003,0.4567495694147846,0.000024581679871585506,-8.165036059167021e-8,0.0009189337086067366,-3.3896680179115974e-6
12.321211627494849,0.4948344144990551,0.000022361548995073545,-7.234401708402347e-8,0.000838741425563993,-3.031469745256743e-6
12.4447927220042,0.5281217896800092,0.000020293744342848626,-6.55785498534812e-8,0.000765691224627324,-2.7411914845262465e-6
12.54774181276814,0.5557920493062276,0.000018482248681143315,-6.085738511951049e-8,0.000702913840088032,-2.516320770755452e-6
12.627390111820793,0.577163859753386,0.00001702990938752544,-5.760293214290875e-8,0.0006532741113698271,-2.3513037899337665e-6
12.681668726460757,0.5917109761193029,0.000016018432868454864,-5.5475890239520587e-8,0.000618994756675839,-2.2420670950089517e-6
12.709165894357852,0.5990752001199384,0.000015500376876756573,-5.439869106236401e-8,0.0006015128887869066,-2.187360685405364e-6
9.23034072102398,0.0009247998800616108,0.00008299225851643986,-4.062234315603162e-7,0.0023481095869898774,-0.00001149334194956965
9.253008967898236,0.008289023880697022,0.00008219403437331353,-4.023097466994982e-7,0.002333881405995912,-0.000011424701697112002
9.297866674840359,0.022836140246613956,0.00008064460212317694,-3.9420669699979863e-7,0.0023054910511756043,-0.000011278473940006025
9.363955594028441,0.04420795069377237,0.00007843090731289732,-3.81537770163238e-7,0.002263108695400403,-0.00001104022623283016
9.449839432804271,0.07187821031999073,0.00007566724952630369,-3.640715466438503e-7,0.002207075687249587,-0.000010695616234178232
9.553611941994124,0.1051655855009449,0.00007247991987250843,-3.4190449476339756e-7,0.002137981615814704,-0.000010236051740451026
9.672916597877277,0.14325043058521536,0.0000689924599854736,-3.155034791867591e-7,0.002056736742615205,-9.662651412149633e-6
9.804981721314922,0.18519497029047305,0.00006531451702743429,-2.856244944337312e-7,0.0019646270099014855,-8.987615121780642e-6
9.946672896892677,0.22996639084322837,0.00006153542932686113,-2.531879838949594e-7,0.0018633325747743686,-8.233124766655643e-6
10.09456233906072,0.2764622712816465,0.00005771961464461559,-2.1920002032450607e-7,0.0017548521082139542,-7.4286245673276935e-6
10.245012945676661,0.32353772871835346,0.00005389890306795179,-1.8479354641310043e-7,0.0016412650138052502,-6.607749933627148e-6
10.394273471690363,0.37003360915677164,0.00005006931624374768,-1.5143077977744611e-7,0.001524493517457988,-5.806235280104787e-6
10.538580592639756,0.41480502970952693,0.000046213112562192226,-1.2113042370815035e-7,0.0014064701065818828,-5.060958393326493e-6
10.674263498646335,0.4567495694147846,0.000042344913835240945,-9.62618754555984e-8,0.0012897080307425182,-4.407433869728693e-6
10.797846894818747,0.4948344144990551,0.00003854993037366837,-7.858253809567477e-8,0.001177741077465029,-3.872471471787786e-6
10.906148722427027,0.5281217896800092,0.00003498671614216543,-6.814629627029115e-8,0.0010750394176789813,-3.4649297734796065e-6
10.996369437210403,0.5557920493062276,0.000031852890490670866,-6.324184005332126e-8,0.0009864016623414686,-3.1737746922446224e-6
11.066170213676584,0.577163859753386,0.00002933717610506215,-6.149787729375534e-8,0.000916158236260952,-2.977270204760207e-6
11.113737952001712,0.5917109761193029,0.000027585057455734795,-6.106476640062891e-8,0.0008676061932416317,-2.855532595512599e-6
11.137835436727274,0.5990752001199384,0.00002668791744122215,-6.100075861933599e-8,0.0008428385634335283,-2.796879404505056e-6
8.203301120884424,0.0009247998800616108,0.00013216223758866645,-6.067662358362001e-7,0.003138243542541533,-0.000014407938670801394
8.22344712205733,0.008289023880697022,0.0001308919341148544,-6.022340782255801e-7,0.003119208195508088,-0.000014354583739434347
8.263313611145914,0.022836140246613956,0.00012843583431548095,-5.919796483634284e-7,0.003081369016897184,-0.000014225202127188048
8.322048962444354,0.04420795069377237,0.00012494827897527948,-5.741571441817904e-7,0.0030251967470466138,-0.000013982244528941059
8.398376696402313,0.07187821031999073,0.00012062798683728945,-5.470452026619538e-7,0.0029514183346807557,-0.000013585784179099737
8.490602667976162,0.1051655855009449,0.00011568817210670113,-5.096926417113342e-7,0.002861041658587595,-0.00001300616030305426
8.596632558628393,0.14325043058521536,0.00011032935857574406,-4.621942999540575e-7,0.002755389964573779,-0.000012232888617333817
8.714003087828704,0.18519497029047305,0.00010472028610299489,-4.056073711868084e-7,0.002636140630843102,-0.000011278038935653419
8.839928599634458,0.22996639084322837,0.00009898776426131616,-3.416928177101725e-7,0.0025053345168220297,-0.000010174471338496236
8.971362710613786,0.2764622712816465,0.00009320749909832772,-2.727006321598723e-7,0.0023652309804092463,-8.970746146232249e-6
9.10507301093663,0.32353772871835346,0.00008738794435267517,-2.0139170322724003e-7,0.0022179116951759367,-7.72527866148608e-6
9.237725648294113,0.37003360915677164,0.00008147240417751873,-1.3144494096473394e-7,0.002065070562043637,-6.502532153524604e-6
9.365976035014878,0.41480502970952693,0.00007539947359241675,-6.803159945167698e-8,0.0019086703350939577,-5.3719285682216106e-6
9.48656180411801,0.4567495694147846,0.00006919442134623351,-1.7474783480752945e-8,0.0017520290209995038,-4.4038842492264376e-6
9.59639434908948,0.4948344144990551,0.0000630242134675179,1.5103013543812087e-8,0.0016003242508602577,-3.654319095208224e-6
9.692645671837429,0.5281217896800092,0.000057185377453403686,2.8968366288927428e-8,0.0014602348634441301,-3.141410637883563e-6
9.7728277272001,0.5557920493062276,0.00005203275720682539,2.864056313457717e-8,0.0013388735177403091,-2.835606432493023e-6
9.834861925625672,0.577163859753386,0.00004789327779041548,2.1313126302203377e-8,0.0012425378016833898,-2.676668348829689e-6
9.877136906898212,0.5917109761193029,0.00004501125020042788,1.3349703067216551e-8,0.0011759183785032981,-2.604058889752295e-6
9.898553117787312,0.5990752001199384,0.00004353631421783108,8.586558099414802e-9,0.0011419334595082647,-2.576942561355209e-6
7.39205663101562,0.0009247998800616108,0.00019940978771640792,-7.453556839527209e-7,0.004057541192920084,-0.000015166395155462619
7.4102103449125165,0.008289023880697022,0.00019749360204757667,-7.431544299141179e-7,0.004032881131535468,-0.000015181885691316896
7.446134339494689,0.022836140246613956,0.0001938071115870077,-7.352643662300777e-7,0.003984096172104237,-0.000015162189931641732
7.499061208403026,0.04420795069377237,0.00018861301127324914,-7.160866144630003e-7,0.003912189059135607,-0.000015022492196390874
7.567840706268575,0.07187821031999073,0.0001822416509059509,-6.799480501293155e-7,0.0038185264504269176,-0.000014670130383028747
7.6509462261901495,0.1051655855009449,0.00017503584311497102,-6.228546956667778e-7,0.0037047436717626407,-0.000014030857105377643
7.746490561907181,0.14325043058521536,0.00016730348233190526,-5.433628437455828e-7,0.003572694283332305,-0.000013067130321501024
7.852254032719214,0.18519497029047305,0.00015928712686463353,-4.425580302515275e-7,0.003424457502974357,-0.000011785153929997214
7.965726463005596,0.22996639084322837,0.00015114842352150634,-3.235477919829396e-7,0.0032623209772413802,-0.000010231879966472237
8.084162733634855,0.2764622712816465,0.0001429481503132242,-1.9095498438721116e-7,0.003088483862335096,-8.485731348381497e-6
8.204650095682345,0.32353772871835346,0.00013461420098298085,-5.082755852290362e-8,0.0029044092693836627,-6.645866330314151e-6
8.324184389639163,0.37003360915677164,0.0001259697780061312,8.866785610400204e-8,0.002710908719869461,-4.825204029961604e-6
8.439751782280156,0.41480502970952693,0.0001168786901873665,2.1598694430334677e-7,0.0025098233827641923,-3.1492188444376315e-6
8.548412530065654,0.4567495694147846,0.00010739915716625831,3.164672029340382e-7,0.002305676864803665,-1.7508186322171874e-6
8.64738346632578,0.4948344144990551,0.00009784370957816174,3.7705851650824526e-7,0.0021059718856153878,-7.421875282400461e-7
8.734116260609248,0.5281217896800092,0.00008873579818893512,3.9414537001281514e-7,0.0019204115002542177,-1.6458040237126636e-7
8.806368916619052,0.5557920493062276,0.00008067662036492187,3.7727862340744935e-7,0.0017591729243568157,4.311223470039814e-8
8.862268401602487,0.577163859753386,0.00007420046491108003,3.4436873057313564e-7,0.0016310523758601763,1.8700853584236065e-8
8.9003627066922,0.5917109761193029,0.00006969458018339152,3.1293221749491604e-7,0.0015424477441337789,-8.811753537818618e-8
8.919661016163122,0.5990752001199384,0.00006739019640924776,2.9460850548885743e-7,0.0014972577501251383,-1.6800585117962082e-7
6.752345018836074,0.0009247998800616108,0.00028535941734719386,-6.467477222341278e-7,0.005078294677741852,-0.00001150975536507756
6.768927702887866,0.008289023880697022,0.0002826174789795963,-6.53566263679307e-7,0.005047347994945819,-0.000011683758079420553
6.801742820247201,0.022836140246613956,0.0002773770706750729,-6.588425786263764e-7,0.004986517295966467,-0.00001192921835383781
6.8500893762159825,0.04420795069377237,0.00027006901684538284,-6.489758516925358e-7,0.0048976972888557764,-0.000012074175533309779
6.912916668131179,0.07187821031999073,0.0002612196920026594,-6.097522281693728e-7,0.004783260251760415,-0.000011929160767920409
6.988830202278864,0.1051655855009449,0.00025135357388968486,-5.303694663771061e-7,0.004645727950059832,-0.000011337885800903376
7.0761060920021635,0.14325043058521536,0.0002409159300619853,-4.0554016856345536e-7,0.004487578498851321,-0.000010211524001140487
7.172716748678684,0.18519497029047305,0.0002302282056963287,-2.3564599625349592e-7,0.0043112073865109275,-8.54140548770569e-6
7.276369228315355,0.22996639084322837,0.00021946426495985798,-2.579289046715793e-8,0.004118849325042019,-6.393525341128309e-6
7.384555975516064,0.2764622712816465,0.0002086046052158518,2.1524495610280684e-7,0.003911948917007642,-3.8922811237814245e-6
7.494616311842557,0.32353772871835346,0.00019738323398769633,4.754249634332688e-7,0.0036902204308834384,-1.2017669267959395e-6
7.603806058981778,0.37003360915677164,0.0001854037849279998,7.385134649515457e-7,0.0034527692636721575,1.4869155232973433e-6
7.709372202071792,0.41480502970952693,0.00017243802080335263,9.818578612911881e-7,0.0032014652049772575,3.958108924748692e-6
7.80862940418438,0.4567495694147846,0.00015862444485700947,1.1759502200565571e-6,0.0029426592797636934,5.97733293522893e-6
7.899035355034595,0.4948344144990551,0.00014451285931168687,1.2919878690198684e-6,0.0026869819923180356,7.334588394419314e-6
7.978262257733425,0.5281217896800092,0.00013097544651554275,1.3178033708334447e-6,0.002448133772197954,7.936624604342761e-6
8.044262139262802,0.5557920493062276,0.0001189720462674269,1.269210427331128e-6,0.0022401354603426202,7.884424038290562e-6
8.095324059892533,0.577163859753386,0.00010932674667726813,1.1837930143754324e-6,0.002074771040598088,7.448456971875468e-6
8.130121668198084,0.5917109761193029,0.00010262130656445631,1.102445714578893e-6,0.0019604346210962673,6.948482734546406e-6
8.14774989405355,0.5990752001199384,0.00009919472411980748,1.0547069921137351e-6,0.0019021437243994215,6.634632924725531e-6
6.251186771833524,0.0009247998800616108,0.0003876365582830006,-7.477426215453509e-8,0.006155447780429647,-1.187603149659883e-6
6.26653869104039,0.008289023880697022,0.0003839136413443168,-1.0198575146436664e-7,0.006117836322496146,-1.6434448449724835e-6
6.296918274278599,0.022836140246613956,0.0003768648220879644,-1.3900073542749581e-7,0.00604457583502153,-2.3642400878984144e-6
6.341676554593465,0.04420795069377237,0.0003671757538849054,-1.574260913448212e-7,0.005939014496139289,-3.031562750239106e-6
6.399840812349077,0.07187821031999073,0.00035565213794322485,-1.272995832495529e-7,0.005805036435137635,-3.2961859403778704e-6
6.470120052989677,0.1051655855009449,0.000343054734528201,-2.5171350669372435e-8,0.0056463244945145164,-2.8688466397405747e-6
6.550918336521749,0.14325043058521536,0.0003299829263244948,1.616851864308449e-7,0.005465969029166666,-1.5783750477329522e-6
6.640358561710141,0.18519497029047305,0.00031681721773722175,4.34851732084805e-7,0.005266396852922612,6.088879867283769e-7
6.7363179665931865,0.22996639084322837,0.0003036799234188211,7.864385537349603e-7,0.005049134842972122,3.599692170480921e-6
6.836475106239072,0.2764622712816465,0.0002903324837362734,1.2010257183825602e-6,0.00481351323095265,7.2008006035519e-6
6.938366777447887,0.32353772871835346,0.00027612597710965334,1.6566263525755693e-6,0.004555769490064515,0.000011149073665956152
7.039452474495726,0.37003360915677164,0.0002603498086249124,2.123798291633343e-6,0.004272819707004491,0.000015133008281905532
7.137183510957416,0.41480502970952693,0.0002427101937435682,2.562718984503894e-6,0.003967260120755449,0.000018800284495803075
7.229073855293282,0.4567495694147846,0.0002234875724323692,2.9216085995354752e-6,0.003647836933664881,0.000021767256255791336
7.312769887186408,0.4948344144990551,0.0002035943488986818,3.145997645381804e-6,0.003329300944960263,0.000023676793177258752
7.386116578556992,0.5281217896800092,0.000184402335810036,3.2047527735400274e-6,0.0030304305546958723,0.00002433886415580004
7.447217956701637,0.5557920493062276,0.00016735039887652358,3.116482914561963e-6,0.002769687601472669,0.000023883968829509804
7.494490067634146,0.577163859753386,0.00015364554344634792,2.947663942994053e-6,0.0025622840471878306,0.000022771220957045313
7.526705001575511,0.5917109761193029,0.00014412452301497134,2.7807290601535614e-6,0.002418917784700765,0.000021601732501515073
7.543024862597302,0.5990752001199384,0.0001392629301789483,2.6807210000360298e-6,0.002345859021157013,0.000020881248997593793
5.864085815451489,0.0009247998800616108,0.0005001824777934944,1.1762450088456297e-6,0.007227823864401543,0.000016996852926957298
5.87848707635551,0.008289023880697022,0.0004953896874695337,1.1136783115384955e-6,0.007183611465471131,0.000016123411262135225
5.90698542229347,0.022836140246613956,0.0004864476838334481,1.0210959405484415e-6,0.007098713214005487,0.000014708761473849472
5.948972073196467,0.04420795069377237,0.0004744259068421936,9.511457682659407e-7,0.006978831300583153,0.00001329838660037788
6.00353454450316,0.07187821031999073,0.00046050871371136626,9.589676908859219e-7,0.006830011744139541,0.000012478515404661492
6.069461785714091,0.1051655855009449,0.0004457296307356332,1.0878468546177163e-6,0.00665725607186131,0.000012726401459878888
6.145256684453659,0.14325043058521536,0.00043081820266416797,1.3622057739548977e-6,0.0064639601807013605,0.000014323922208611877
6.229158377844304,0.18519497029047305,0.0004161419259413387,1.7870980832773954e-6,0.006251897554190825,0.000017334695877882485
6.319175554673719,0.22996639084322837,0.00040162739457894726,2.350995909730603e-6,0.006020539864518507,0.00002162441188188004
6.4131305240820895,0.2764622712816465,0.00038655509317565053,3.0288697764102345e-6,0.005764662026143791,0.00002690173521721897
6.508712615236439,0.32353772871835346,0.00036966134187002184,3.783771588288901e-6,0.005475210318233659,0.000032761365567042045
6.603538641691796,0.37003360915677164,0.0003499269028861478,4.566117004556953e-6,0.005147771504368101,0.00003871534273770974
6.695217742886892,0.41480502970952693,0.0003270307546243169,5.311139512270258e-6,0.004786273491102638,0.00004421127943226156
6.781417833280104,0.4567495694147846,0.00030145861489446884,5.9378516470965075e-6,0.00440223214102083,0.00004866064630071793
6.859931039067763,0.4948344144990551,0.00027466952838641644,6.358514219966254e-6,0.004016093431286125,0.00005151911585949573
6.928735780979255,0.5281217896800092,0.00024866729656017436,6.510894443197139e-6,0.003652278343028961,0.000052460045061194247
6.986053493273022,0.5557920493062276,0.00022549161676268983,6.404589479802218e-6,0.003334138735888904,0.000051607826217412326
7.0303983073545355,0.577163859753386,0.00020684653271227022,6.1369957733476025e-6,0.003080885863593177,0.000049633815916726717
7.060618351014478,0.5917109761193029,0.00019389464704708883,5.8518029958906505e-6,0.002905802288047633,0.00004753523761782893
7.075927614522525,0.5990752001199384,0.00018728409404969256,5.674971792099072e-6,0.002816585451072716,0.00004622654407323179
5.573010192232715,0.0009247998800616108,0.0006133028382741952,3.1331677886056493e-6,0.008222122690159506,0.000042003769141823566
5.586696617760055,0.008289023880697022,0.0006074705499390578,3.02127516359646e-6,0.00817203948525691,0.000040610366090063875
5.61378039132209,0.022836140246613956,0.0005968724717134378,2.853953969778089e-6,0.008078286729744921,0.000038377785696343586
5.653682950865739,0.04420795069377237,0.0005831613483725592,2.71985816147096e-6,0.007950403579206851,0.00003618133566778853
5.705537104825148,0.07187821031999073,0.0005679896297895544,2.708750520872294e-6,0.007797224358367525,0.000034916975177216006
5.76819191561359,0.1051655855009449,0.000552625356838734,2.8894970571035335e-6,0.007624707668465486,0.0000352817671864594
5.840224583021329,0.14325043058521536,0.0005378114386680717,3.3011580555785322e-6,0.007435578975475721,0.00003767248362761816
5.919961648120138,0.18519497029047305,0.0005237333543628796,3.953322943029733e-6,0.007229510579040472,0.00004217243858884543
6.005510642410855,0.22996639084322837,0.0005098282066277985,4.830220582630963e-6,0.007001235002136507,0.0000485863682960815
6.094801969073245,0.2764622712816465,0.0004944914168488775,5.894624083126438e-6,0.006737384993795918,0.00005649398131527493
6.18563965204073,0.32353772871835346,0.0004757619689912367,7.089442862695482e-6,0.006423799385710153,0.00006530175959146422
6.275758799092118,0.37003360915677164,0.0004524288560249917,8.33635495876676e-6,0.006056651401985311,0.0000742777938057655
6.362887224810026,0.41480502970952693,0.0004240512439842076,9.534236654881327e-6,0.005640014896970353,0.00008257976805885775
6.44480860138111,0.4567495694147846,0.0003915249922328021,0.000010564314902776809,0.005190283309956457,0.00008933244719387658
6.519424647232035,0.4948344144990551,0.0003569911933475144,0.00001130517375661281,0.004734309140077341,0.00009378453909775374
6.584814128220925,0.5281217896800092,0.00032318796897240324,0.000011661211204597923,0.00430235840799394,0.00009549529148947682
6.639286761272601,0.5557920493062276,0.0002929121040469145,0.00001161646080993636,0.0039236468684164475,0.00009455787348754206
6.681430431850845,0.577163859753386,0.0002684569560633739,0.000011283524044240773,0.0036212810946823514,0.00009180697885744071
6.710150443226328,0.5917109761193029,0.0002514267029210237,0.00001087596638527665,0.0034116397734188487,0.00008868654592004064
6.724699800833121,0.5990752001199384,0.00024272920036066498,0.0000106087982451293,0.003304644632185246,0.00008667632822741359
5.364952289936801,0.0009247998800616108,0.0007147093540703027,5.513154502681172e-6,0.00905998142328485,0.00006988675660290502
5.378127758389433,0.008289023880697022,0.0007080695886708923,5.347699715216417e-6,0.009005899531175046,0.0000679772197373373
5.4042004099690555,0.022836140246613956,0.0006966776971570937,5.112110426082098e-6,0.008910090567446533,0.00006508473322510879
5.442613282153714,0.04420795069377237,0.0006830561795900987,4.943709752642491e-6,0.008788142304383366,0.00006253314067972173
5.492531558351199,0.07187821031999073,0.0006692738063109968,4.969901308904483e-6,0.008651307032936456,0.00006153660700273318
5.552847269074911,0.1051655855009449,0.0006565860038869689,5.283432833310954e-6,0.008504620207290911,0.00006296295583846312
5.622190731697322,0.14325043058521536,0.000645470129499504,5.936803016899024e-6,0.008347957178401262,0.0000672760794044086
5.698950962746408,0.18519497029047305,0.0006356077907359747,6.944654026214235e-6,0.008176120286070633,0.0000745509669351816
5.781306145491534,0.22996639084322837,0.0006254153550064151,8.287933276465871e-6,0.007974192127600524,0.0000845153106787734
5.867263947635256,0.2764622712816465,0.0006120793659474044,9.916752553122662e-6,0.007718377310043278,0.00009660033619070177
5.954710375766354,0.32353772871835346,0.0005932662278015135,0.00001175029193502974,0.007393992190834899,0.0001099871311239423
6.041465093174613,0.37003360915677164,0.0005673139799324253,0.000013672453052361168,0.006995116166153961,0.00012362932828382012
6.125340742231449,0.41480502970952693,0.0005337620645574242,0.000015527549624841264,0.006527216732329099,0.0001362651576960937
6.204203737573242,0.4567495694147846,0.0004941140266047068,0.00001713715757739857,0.006013255478105793,0.00014655978627608842
6.276034133041005,0.4948344144990551,0.0004512533968700988,0.000018347704457601084,0.0054862684292803525,0.000153505649598321
6.338982420172807,0.5281217896800092,0.00040889584893461536,0.00001906012171769298,0.0049850049869995935,0.00015673816003723272
6.391421419447702,0.5557920493062276,0.0003704590535949952,0.000019237938010011545,0.004542196443336136,0.00015646876585866196
6.431991734982063,0.577163859753386,0.00033885930317937186,0.000018968929752380502,0.004182855608623941,0.00015356365379257897
6.4596395384995695,0.5917109761193029,0.0003165877568447754,0.00001850736038187863,0.00392942938081179,0.00014975304546600927
6.473645723077962,0.5990752001199384,0.00030521032545117614,0.000018171178634958743,0.003799309009185822,0.00014713783734875157
5.230922016714584,0.0009247998800616108,0.0007915557208754672,7.724969704071324e-6,0.00966778686011816,0.00009434954255686257
5.243768328160573,0.008289023880697022,0.0007848195208126025,7.527524055802776e-6,0.009614765279420219,0.0000921749051355353
5.269189618008348,0.022836140246613956,0.0007750744327942187,7.300533169863218e-6,0.009534844495075724,0.00008948212006722647
5.306642838088773,0.04420795069377237,0.0007657438573822309,7.230500265049797e-6,0.009450003620267764,0.0000880469802323086
5.355314027670019,0.07187821031999073,0.0007586564566930032,7.462055862539961e-6,0.009369013377536796,0.00008917282926636156
5.414122897186019,0.1051655855009449,0.0007544579221777882,8.097337265117556e-6,0.009291443071727724,0.0000937161165725072
5.481733982195513,0.14325043058521536,0.0007529427951375419,9.199073787013029e-6,0.009210813948542769,0.00010213152931198018
5.556576545726957,0.18519497029047305,0.000752760371049323,0.000010791015520780804,0.009112030549562045,0.00011447986079582896
5.636874284705938,0.22996639084322837,0.0007506664763244639,0.000012857020741362838,0.008965070257283297,0.00013043155498866706
5.720684640407589,0.2764622712816465,0.0007431346078512147,0.00001533866007385029,0.008742643154089158,0.00014927960226107051
5.80594643240004,0.32353772871835346,0.0007272027627430928,0.00001813078115152347,0.008427312553880286,0.00016995739349490733
5.89053379437825,0.37003360915677164,0.0007004212232687338,0.000021073266669500995,0.008008087519333284,0.0001910427660293099
5.972314014519368,0.41480502970952693,0.0006626057414320657,0.000023932630065542397,0.007495423806127567,0.00021069568024832504
6.049206809896362,0.4567495694147846,0.0006157840440340677,0.00002640440922811325,0.0069166035520803635,0.00022667720867064326
6.119242697787932,0.4948344144990551,0.0005647562168768126,0.000028250139911891228,0.006322839035230308,0.00023728146364290854
6.180618375198867,0.5281217896800092,0.0005135677745892108,0.000029458010795766873,0.00576056694247411,0.00024273085673255505
6.231747313727555,0.5557920493062276,0.00046176046537249203,0.000030101928168300087,0.005210837465198528,0.00024435485132485665
6.271304078687389,0.577163859753386,0.00041728873110564616,0.000030204178115554834,0.004735702930000488,0.00024300836759219598
6.298261169136226,0.5917109761193029,0.00038852001585491303,0.00002992615709784418,0.004423437760492748,0.0002399032306784394
6.3119174432877605,0.5990752001199384,0.0003752699683320467,0.000029633079063278533,0.004278201163446448,0.00023735550024000585
5.1652697302303885,0.0009247998800616108,0.0008331670373727737,9.073045710267546e-6,0.009988462059098868,0.00010877205064340708
5.177954810115933,0.008289023880697022,0.000829890561704766,8.974683711097807e-6,0.009962826361585242,0.00010769535962787105
5.20305704229117,0.022836140246613956,0.0008297760437352069,9.045064251560892e-6,0.00995818358149622,0.00010821940295324697
5.240040194279082,0.04420795069377237,0.0008345988907408415,9.431380956487442e-6,0.00998343959401739,0.00011164480065778546
5.288100521210933,0.07187821031999073,0.0008444958223528633,0.000010254922648928591,0.010032506615851143,0.00011892232284378133
5.3461712920252245,0.1051655855009449,0.0008589875319151165,0.000011624336705249918,0.01009382251198283,0.0001308225786609081
5.4129338034355765,0.14325043058521536,0.000877382654367426,0.000013626357005341227,0.010157544413691436,0.0001478610054966052
5.486837032485169,0.18519497029047305,0.0008965229663324515,0.000016313817629413896,0.010192662943690608,0.0001701971661495586
5.566126970134549,0.22996639084322837,0.0009115582375631482,0.000019693239348697037,0.010157100879152042,0.0001975483016155848
5.648885438336198,0.2764622712816465,0.0009181111579685162,0.00002371122463261008,0.01002023909431586,0.00022912310970687178
5.733077126133603,0.32353772871835346,0.0009113308044150032,0.000028233701868312234,0.009750614557311618,0.0002635273385344657
5.816602848556915,0.37003360915677164,0.0008884285905724037,0.00003303704805284379,0.009339960482894493,0.0002987611178009522
5.897356661035237,0.41480502970952693,0.0008446988564183091,0.000037838780825396066,0.00875855451461545,0.0003325734929039614
5.973284389868602,0.4567495694147846,0.0007972951351942256,0.00004208940710952427,0.008167722150766022,0.00036099142913632556
6.04244127093091,0.4948344144990551,0.0007448205906111659,0.000044976602636800845,0.007585237957473271,0.0003780407975340597
6.103046634132673,0.5281217896800092,0.000655082979365168,0.00004662140673758169,0.006695328953694408,0.0003849318938255294
6.153533863282175,0.5557920493062276,0.0005742192934946332,0.00004797313151930788,0.005895339732450825,0.00038979623082046743
6.192594158966184,0.577163859753386,0.0005297287545116717,0.00004920370317802221,0.005434061772082816,0.00039502044890156034
6.219212916207362,0.5917109761193029,0.0005099702453628384,0.00004990468713473637,0.005214384641669819,0.0003979175608126049
6.232697793113815,0.5990752001199384,0.0005021109185385076,0.00005009758974548169,0.005123416762088967,0.00039836235884425594
